use bkm;

INSERT INTO school(created_at, updated_at, id, name)
VALUES 
    (now(), now(), "10504f81-28db-11ec-8428-0242ac120111", "Bách Khoa"),
    (now(), now(), "20504f81-28db-11ec-8428-0242ac120112", "Khoa học tự nhiên"),
    (now(), now(), "30504f81-28db-11ec-8428-0242ac120113", "Kinh tế"),
    (now(), now(), "40504f81-28db-11ec-8428-0242ac120114", "Khoa học xã hội và nhân văn"),
    (now(), now(), "50504f81-28db-11ec-8428-0242ac120115", "Công nghệ thông tin"),
    (now(), now(), "60504f81-28db-11ec-8428-0242ac120116", "Nông lâm"),
    (now(), now(), "70504f81-28db-11ec-8428-0242ac120117", "HUTECH"),
    (now(), now(), "80504f81-28db-11ec-8428-0242ac120118", "Công nghệ thực phẩm"),
    (now(), now(), "90504f81-28db-11ec-8428-0242ac120119", "Ngoại thương"),
    (now(), now(), "11504f81-28db-11ec-8428-0242ac120121", "Kinh tế - luật"),
    (now(), now(), "12504f81-28db-11ec-8428-0242ac120122", "Luật");


INSERT INTO question(created_at, updated_at, id, content, question_type, description, is_required, question_group)
VALUES
    (now(), now(), "018f5b87-28d9-11ec-8428-0242ac120003", 'Công ty anh chị đang làm là? ', 'WRITE_CONTENT', '', 1, 'mentor'),
    (now(), now(), "108f5b87-28d9-11ec-8428-0242ac120003", 'Chức vụ anh chị đang nắm là? ', 'WRITE_CONTENT', '', 1, 'mentor'),
    (now(), now(), "028f5b87-28d9-11ec-8428-0242ac120003", 'Số năm kinh nghiệp làm việc của anh chị là?', 'SELECT', '', 1, 'mentor'),
    (now(), now(), "118f5b87-28d9-11ec-8428-0242ac120003", 'Vị trí công tác của anh chị là?', 'SELECT', '', 1, 'mentor'),
    (now(), now(), "038f5b87-28d9-11ec-8428-0242ac120003", 'Lĩnh vực nghề nghiệp của anh chị là?', 'SELECT', '', 1, 'mentor'),
    (now(), now(), "128f5b87-28d9-11ec-8428-0242ac120003", 'Những lĩnh vực kỹ năng mềm mà anh chị có thể chia sẻ là?', 'MUTIPLE_SELECT', '', 1, 'mentor'),
    (now(), now(), "048f5b87-28d9-11ec-8428-0242ac120003", 'Những lĩnh vực chuyên môn mà anh chị có thể hướng dẫn là?', 'MUTIPLE_SELECT', '', 1, 'mentor'),
    (now(), now(), "138f5b87-28d9-11ec-8428-0242ac120003", 'Hoạt động sở thích ý nghĩa với anh chị là? ', 'WRITE_CONTENT', '', 1, 'mentor'),
    (now(), now(), "058f5b87-28d9-11ec-8428-0242ac120003", 'Anh chị có thể nhận bao nhiêu Mentee?', 'SELECT', '', 1, 'mentor'),
    (now(), now(), "148f5b87-28d9-11ec-8428-0242ac120003", 'Anh chị muốn ưu tiên chọn sinh viên năm mấy?', 'SELECT', '', 1, 'mentor'),
    (now(), now(), "068f5b87-28d9-11ec-8428-0242ac120003", 'Anh chị muốn ưu tiên chọn sinh viên theo giới tính nào?', 'SELECT', '', 1, 'mentor'),
    (now(), now(), "158f5b87-28d9-11ec-8428-0242ac120003", 'Anh chị chọn nhóm Mentee nào?', 'MUTIPLE_SELECT', '', 1, 'mentor'),
    (now(), now(), "078f5b87-28d9-11ec-8428-0242ac120003", 'Anh chị có thể tham gia hoạt động nào?', 'MUTIPLE_SELECT', '', 1, 'mentor'),
    (now(), now(), "168f5b87-28d9-11ec-8428-0242ac120003", 'Anh chị có thể tham gia đóng quỹ bao nhiêu?', 'SELECT', '', 1, 'mentor'),
    (now(), now(), "088f5b87-28d9-11ec-8428-0242ac120003", 'CV đính kèm', 'FILE', '', 1, 'mentor'),
    (now(), now(), "178f5b87-28d9-11ec-8428-0242ac120003", 'Câu hỏi của anh chị về chương trình?', 'WRITE_CONTENT', '', 1, 'mentor'),
    (now(), now(), "098f5b87-28d9-11ec-8428-0242ac120003", 'Anh chị đã làm Mentor chưa?', 'SELECT', '', 1, 'mentor'),
    (now(), now(), "188f5b87-28d9-11ec-8428-0242ac120003", 'Anh chị là Mentor cho tổ chức nào?', 'SELECT', '', 1, 'mentor'),

    (now(), now(), "198f5b87-28d9-11ec-8428-0242ac120003", 'Bạn đang học khoa nào?', 'SELECT', '', 1, 'mentee'),
    (now(), now(), "208f5b87-28d9-11ec-8428-0242ac120003", 'Điểm trung bình gần nhất của bạn?', 'SELECT', '', 1, 'mentee'),
    (now(), now(), "218f5b87-28d9-11ec-8428-0242ac120003", 'Bạn mong muốn kiếm mentor trong lĩnh vực nào?', 'MUTIPLE_SELECT', '', 1, 'mentee'),
    (now(), now(), "228f5b87-28d9-11ec-8428-0242ac120003", 'Những lĩnh vực kỹ năng mềm mà bạn muốn được chia sẻ là?', 'MUTIPLE_SELECT', '', 1, 'mentee'),
    (now(), now(), "238f5b87-28d9-11ec-8428-0242ac120003", 'Những lĩnh vực chuyên môn mà bạn muốn tìm hiểu là?', 'MUTIPLE_SELECT', '', 1, 'mentee'),
    (now(), now(), "248f5b87-28d9-11ec-8428-0242ac120003", 'Bạn là sinh viên năm mấy?', 'SELECT', '', 1, 'mentee'),
    (now(), now(), "258f5b87-28d9-11ec-8428-0242ac120003", 'Mức độ sẵn sàng về công việc sau khi ra trường của bạn là? ', 'LEVEL_SELECT', '', 1, 'mentee'),
    (now(), now(), "268f5b87-28d9-11ec-8428-0242ac120003", 'Ước mơ sau khi ra trường của bạn là?', 'SELECT', '', 1, 'mentee'),
    (now(), now(), "278f5b87-28d9-11ec-8428-0242ac120003", 'Bạn có kế hoạch rõ cho ước mơ đó không?', 'LEVEL_SELECT', '', 1, 'mentee'),
    (now(), now(), "288f5b87-28d9-11ec-8428-0242ac120003", 'Bạn có nhu cầu nhận học bổng khó khăn không?', 'SELECT', '', 1, 'mentee'),
    (now(), now(), "298f5b87-28d9-11ec-8428-0242ac120003", 'Bạn có những vấn đề tâm lý, khó khăn cần chia sẻ với mentor không?', 'SELECT', '', 1, 'mentee'),
    (now(), now(), "318f5b87-28d9-11ec-8428-0242ac120003", 'Bạn đánh giá mình thuộc nhóm mentee nào?', 'SELECT', '', 1, 'mentee'),
    (now(), now(), "328f5b87-28d9-11ec-8428-0242ac120003", 'Giới thiệu đôi nét về bản thân', 'WRITE_CONTENT', '', 1, 'mentee'),
    (now(), now(), "338f5b87-28d9-11ec-8428-0242ac120003", 'Bạn đã tham gia chương trình/CLB/đội/nhóm nào trước đây chưa? Nếu có thì vai trò của bạn và kinh nghiệm bạn rút ra được là gì? Nếu chưa tham gia thì tại sao chưa và bạn có ý định sẽ tham gia chương trình/CLB/đội/nhóm cụ thể nào không?', 'WRITE_CONTENT', 'Tối đa 300 từ', 1, 'mentee'),
    (now(), now(), "348f5b87-28d9-11ec-8428-0242ac120003", 'Mục tiêu của bạn trong 3 năm tới là?', 'WRITE_CONTENT', 'Tối đa 50 từ', 1, 'mentee'),
    (now(), now(), "358f5b87-28d9-11ec-8428-0242ac120003", 'Tại sao bạn tham gia chương trình BK Mentoring?', 'WRITE_CONTENT', 'Tối đa 100 từ', 1, 'mentee'),
    (now(), now(), "368f5b87-28d9-11ec-8428-0242ac120003", 'Bạn mong muốn nhận được gì sau khi tham gia chương trình này?', 'WRITE_CONTENT', 'Tối đa 100 từ', 1, 'mentee'),
    (now(), now(), "378f5b87-28d9-11ec-8428-0242ac120003", 'Bạn đang gặp khó khăn về điều gì? ', 'WRITE_CONTENT', 'Tối đa 50 từ', 1, 'mentee'),
    (now(), now(), "388f5b87-28d9-11ec-8428-0242ac120003", 'Bạn cam kết gì để thay đổi bản thân trong chương trình này? ', 'WRITE_CONTENT', 'Tối đa 100 từ', 1, 'mentee'),
    (now(), now(), "398f5b87-28d9-11ec-8428-0242ac120003", 'Bạn đã từng là Mentee của chương trình BK Mentoring hay chưa? ', 'SELECT', '', 1, 'mentee'),
    (now(), now(), "418f5b87-28d9-11ec-8428-0242ac120003", 'Trường bạn đang theo học là?', 'WRITE_CONTENT', '', 1, 'mentee'),
    (now(), now(), "428f5b87-28d9-11ec-8428-0242ac120003", 'Nếu có một lý do khiến bạn dừng tham gia chương trình BK Mentoring trong kỳ mentoring thì đó là gì? ', 'SELECT', '', 1, 'mentee'),
    (now(), now(), "438f5b87-28d9-11ec-8428-0242ac120003", 'Xếp thứ tự ưu tiên mối quan tâm hiện tại của bạn', 'SORTABLE', 'Hãy kéo thả các thẻ bên dưới để sắp xếp thứ tự ưu tiên', 1, 'mentee'),
    (now(), now(), "448f5b87-28d9-11ec-8428-0242ac120003", 'Yếu tố nào quyết định nhất sự thành công của quá trình mentoring?', 'SELECT', '', 1, 'mentee'),
    (now(), now(), "458f5b87-28d9-11ec-8428-0242ac120003", 'Số lần bắt buộc và tối thiểu bạn cần gặp mentor trong tháng là bao nhiêu? (trực tiếp hoặc online)', 'SELECT', '', 1, 'mentee'),
    (now(), now(), "468f5b87-28d9-11ec-8428-0242ac120003", 'Trước khi kết thúc buổi mentoring bạn cần làm những điều gì? ', 'SELECT', '', 1, 'mentee'),
    (now(), now(), "478f5b87-28d9-11ec-8428-0242ac120003", 'Sau buổi mentoring thì bạn cần làm những điều gì?', 'SELECT', '', 1, 'mentee'),
    (now(), now(), "488f5b87-28d9-11ec-8428-0242ac120003", 'Nếu bạn hẹn gặp mentor mà không được mentor trả lời (ví dụ qua tin nhắn), bạn sẽ làm gì?', 'SELECT', '', 1, 'mentee'),
    (now(), now(), "498f5b87-28d9-11ec-8428-0242ac120003", 'Nếu bạn thực hiện các cách trên mà vẫn không liên lạc được với mentor, bạn sẽ làm gì?', 'SELECT', '', 1, 'mentee'),
    (now(), now(), "508f5b87-28d9-11ec-8428-0242ac120003", 'Bạn tự đánh giá bao nhiêu điểm về khả năng cam kết, duy trì gặp mentor hàng tháng? (1 điểm: thấp nhất, 10 điểm: cao nhất)', 'LEVEL_SELECT', '', 1, 'mentee'),
    (now(), now(), "518f5b87-28d9-11ec-8428-0242ac120003", 'Trong 7 tháng của chương trình, bạn nghĩ mình có thể sắp xếp gặp Mentor được bao nhiêu buổi (dựa trên lịch học, làm việc của bạn)? ', 'WRITE_CONTENT', '', 1, 'mentee'),
    (now(), now(), "528f5b87-28d9-11ec-8428-0242ac120003", 'Nếu buổi hẹn Mentor trùng với lịch thi/khi bạn đã rời thành phố, không thể gặp Mentor trực tiếp, bạn sẽ làm gì? *', 'SELECT', '', 1, 'mentee'),
    (now(), now(), "538f5b87-28d9-11ec-8428-0242ac120003", 'Qua một số buổi mentoring, bạn không hài lòng với cuộc trao đổi với mentor, bạn sẽ làm gì?', 'SELECT', '', 1, 'mentee');




INSERT INTO Answer(created_at, updated_at, id, content, question_id)
VALUES
    (now(), now(), "018f5b87-28d9-11ec-8428-0242ac120003", "Khoa học và kỹ thuật máy tính", "198f5b87-28d9-11ec-8428-0242ac120003"),
    (now(), now(), "028f5b87-28d9-11ec-8428-0242ac120003", "Điện / điện tử", "198f5b87-28d9-11ec-8428-0242ac120003"),
    (now(), now(), "038f5b87-28d9-11ec-8428-0242ac120003", "Kỹ thuật xây dựng", "198f5b87-28d9-11ec-8428-0242ac120003"),
    (now(), now(), "048f5b87-28d9-11ec-8428-0242ac120003", "Cơ khí", "198f5b87-28d9-11ec-8428-0242ac120003"),
    (now(), now(), "058f5b87-28d9-11ec-8428-0242ac120003", "Kỹ thuật hóa học", "198f5b87-28d9-11ec-8428-0242ac120003"),
    (now(), now(), "068f5b87-28d9-11ec-8428-0242ac120003", "Công nghệ vật liệu", "198f5b87-28d9-11ec-8428-0242ac120003"),
    (now(), now(), "078f5b87-28d9-11ec-8428-0242ac120003", "Khoa học ứng dụng", "198f5b87-28d9-11ec-8428-0242ac120003"),
    (now(), now(), "088f5b87-28d9-11ec-8428-0242ac120003", "Kỹ thuật giao thông", "198f5b87-28d9-11ec-8428-0242ac120003"),
    (now(), now(), "098f5b87-28d9-11ec-8428-0242ac120003", "Quản lý công nghiệp", "198f5b87-28d9-11ec-8428-0242ac120003"),
    (now(), now(), "108f5b87-28d9-11ec-8428-0242ac120003", "Kỹ thuật địa chất và dầu khí", "198f5b87-28d9-11ec-8428-0242ac120003"),
    (now(), now(), "118f5b87-28d9-11ec-8428-0242ac120003", "Môi trường và tài nguyên", "198f5b87-28d9-11ec-8428-0242ac120003"),
    (now(), now(), "128f5b87-28d9-11ec-8428-0242ac120003", "Bảo dưỡng công nghiệp", "198f5b87-28d9-11ec-8428-0242ac120003"),
    (now(), now(), "138f5b87-28d9-11ec-8428-0242ac120003", "Chất lượng cao", "198f5b87-28d9-11ec-8428-0242ac120003"),
    (now(), now(), "148f5b87-28d9-11ec-8428-0242ac120003", "Khác", "198f5b87-28d9-11ec-8428-0242ac120003"),

    (now(), now(), "018f5b87-28d9-11ec-8428-0242ac120001", ">9", "208f5b87-28d9-11ec-8428-0242ac120003"),
    (now(), now(), "028f5b87-28d9-11ec-8428-0242ac120001", "7-9", "208f5b87-28d9-11ec-8428-0242ac120003"),
    (now(), now(), "038f5b87-28d9-11ec-8428-0242ac120001", "<7", "208f5b87-28d9-11ec-8428-0242ac120003"),